id,address,city,state,zip_code,main_image_id,realtor_id
1,052 Cecile Courts,Flatleyton,NE,80040,1,818828
2,969 Rachelle Mission,New Annetteview,WY,45153,1,613251
3,420 Robbie Shoal,New Pablo,CT,18614,1,599413
4,20620 Marge Spring,New Adamland,MT,68904-3722,1,410732
5,9370 Bradtke Gateway,Hilllshire,SD,95986,1,818936
6,6062 Valerie Island,North Rosinaburgh,SC,18678,1,196891
7,734 Denesik Mountain,Hahnborough,FL,47861-3047,1,587566
8,383 Conroy Plains,Lake Consueloborough,MS,49037-9930,1,220603
9,59413 Cletus Club,Terencestad,MO,90541-0461,1,841034
10,12300 Candelario Plaza,North Erickmouth,NH,65425-5999,1,50198
